{"pitch": [-1.7940099220448422, 11.586803006423752, 165.36479715675708, 58.99961275499902], "energy": [-1.2273423671722412, 10.911333084106445, 41.01298390659646, 33.414395545272164]}